p,c,first_visible_depth
3,0,2
3,-2,1
3,1,1
3,2,
5,0,4
5,-2,2
5,1,
5,2,8
7,0,3
7,-2,3
7,1,2
7,2,1
11,0,10
11,-2,5
11,1,20
11,2,2
13,0,12
13,-2,6
13,1,4
13,2,24
17,0,8
17,-2,4
17,1,96
17,2,16
19,0,18
19,-2,9
19,1,9
19,2,
23,0,11
23,-2,11
23,1,22
23,2,22
29,0,28
29,-2,14
29,1,56
29,2,7
31,0,5
31,-2,5
31,1,30
31,2,30
37,0,36
37,-2,18
37,1,24
37,2,18
41,0,20
41,-2,10
41,1,
41,2,
43,0,14
43,-2,7
43,1,21
43,2,6
47,0,23
47,-2,23
47,1,138
47,2,46
53,0,52
53,-2,26
53,1,104
53,2,4
59,0,58
59,-2,29
59,1,174
59,2,58
61,0,60
61,-2,30
61,1,20
61,2,15
67,0,66
67,-2,33
67,1,11
67,2,11
71,0,35
71,-2,35
71,1,70
71,2,35
73,0,9
73,-2,9
73,1,18
73,2,216
79,0,39
79,-2,39
79,1,26
79,2,3
83,0,82
83,-2,41
83,1,5
83,2,246
89,0,11
89,-2,11
89,1,24
89,2,16
97,0,48
97,-2,24
97,1,16
97,2,32
